Model,Accuracy,Sensitivity,Specificity,F1-Score
ANN_YSA,0.9996305418719211,0.9992337164750957,1.0,0.999616122840691
DecisionTree,1.0,1.0,1.0,1.0
GradientBoosting,1.0,1.0,1.0,1.0
LogisticRegression,0.9497783251231529,0.9402461750983919,0.9586483685014728,0.9474983951017091
NaiveBayes,0.9220823796892763,0.923395756770141,0.9208613769943597,0.9195325800260544
RandomForest,1.0,1.0,1.0,1.0
SVM,0.9905219401288367,0.9816137566137566,0.9988120691067358,0.9900738141191775
kNN,0.998892231906025,0.9989792660359162,0.9988120691067358,0.9988513071931194
