Model,Accuracy,Sensitivity,Specificity,F1-Score
LogisticRegression,0.9476923076923077,0.9475703324808185,0.9478054567022538,0.9457562220804084
DecisionTree,1.0,1.0,1.0,1.0
kNN,0.9963076923076923,1.0,0.9928825622775801,0.9961783439490446
NaiveBayes,0.9218461538461539,0.9296675191815856,0.9145907473309609,0.9196710942441493
SVM,0.9938461538461538,0.9884910485933504,0.9988137603795967,0.993573264781491
RandomForest,1.0,1.0,1.0,1.0
GradientBoosting,1.0,1.0,1.0,1.0
ANN_YSA,0.9938461538461538,1.0,0.9881376037959668,0.9936467598475223
